"Customer_ID","Name","Surname","Gender","Age","Region","Job_Classification","Date_Joined","Balance"
"100000001","Olivia","Brown","Female","36","Seattle","Business Analyst","Wed Jul 05 21:31:47 IST 2023","81357.36316415161"
"100000002","Sophia","Wilson","Male","62","Chicago","Business Analyst","Wed Jul 05 21:31:47 IST 2023","97979.01709400263"
"100000003","Olivia","Smith","Male","65","New York","Business Analyst","Wed Jul 05 21:31:47 IST 2023","36677.40530363808"
"100000004","Michael","Miller","Male","39","Houston","Data Analyst","Wed Jul 05 21:31:47 IST 2023","67125.87646208015"
"100000005","William","Davis","Female","58","Miami","Software Engineer","Wed Jul 05 21:31:47 IST 2023","49747.48115847388"
"100000006","Emma","Brown","Female","40","Houston","Project Manager","Wed Jul 05 21:31:47 IST 2023","44310.69100510681"
"100000007","Emma","Brown","Female","66","Chicago","Business Analyst","Wed Jul 05 21:31:47 IST 2023","60064.75721235242"
"100000008","Sophia","Miller","Female","36","Seattle","Data Analyst","Wed Jul 05 21:31:47 IST 2023","89528.09570983268"
"100000009","Olivia","Johnson","Male","31","Miami","Data Analyst","Wed Jul 05 21:31:47 IST 2023","16397.526772978505"
"100000010","John","Smith","Male","49","Chicago","Project Manager","Wed Jul 05 21:31:47 IST 2023","63994.513254019475"
"100000011","William","Miller","Male","30","New York","Data Analyst","Wed Jul 05 21:31:47 IST 2023","15206.465897349877"
"100000012","William","Smith","Male","53","Miami","Business Analyst","Wed Jul 05 21:31:47 IST 2023","81016.98680553379"
"100000013","Olivia","Wilson","Male","40","Seattle","Software Engineer","Wed Jul 05 21:31:47 IST 2023","4448.360978674181"
"100000014","Olivia","Davis","Female","36","Houston","UX Designer","Wed Jul 05 21:31:47 IST 2023","15062.887506574423"
"100000015","Olivia","Brown","Male","37","Houston","UX Designer","Wed Jul 05 21:31:47 IST 2023","74086.59680034438"
"100000016","Olivia","Brown","Female","67","Los Angeles","Data Analyst","Wed Jul 05 21:31:47 IST 2023","92729.7052336438"
"100000017","Emma","Johnson","Female","67","Seattle","Software Engineer","Wed Jul 05 21:31:47 IST 2023","3382.5555609928424"
"100000018","Sophia","Johnson","Female","41","Houston","Software Engineer","Wed Jul 05 21:31:47 IST 2023","60064.13896875093"
"100000019","Olivia","Wilson","Male","50","Houston","Software Engineer","Wed Jul 05 21:31:47 IST 2023","26792.20313671992"
"100000020","Emma","Brown","Male","33","Chicago","Business Analyst","Wed Jul 05 21:31:47 IST 2023","88429.72708957725"
"100000021","Olivia","Brown","Female","42","New York","Software Engineer","Wed Jul 05 21:31:47 IST 2023","53042.055128144035"
"100000022","Michael","Smith","Female","55","New York","Data Analyst","Wed Jul 05 21:31:47 IST 2023","71872.18744482248"
"100000023","Olivia","Brown","Male","69","Houston","Software Engineer","Wed Jul 05 21:31:47 IST 2023","41708.72741044308"
"100000024","John","Brown","Male","24","Chicago","Software Engineer","Wed Jul 05 21:31:47 IST 2023","32681.751041302185"
"100000025","William","Davis","Female","65","Chicago","Business Analyst","Wed Jul 05 21:31:47 IST 2023","9376.326430670035"
"100000026","William","Miller","Female","43","Los Angeles","Business Analyst","Wed Jul 05 21:31:47 IST 2023","20601.65994662199"
"100000027","John","Wilson","Male","60","Los Angeles","Data Analyst","Wed Jul 05 21:31:47 IST 2023","43195.86848075582"
"100000028","John","Miller","Male","33","Houston","Business Analyst","Wed Jul 05 21:31:47 IST 2023","93882.05791343951"
"100000029","John","Brown","Female","51","New York","Project Manager","Wed Jul 05 21:31:47 IST 2023","31420.95589900516"
"100000030","William","Wilson","Male","57","New York","Project Manager","Wed Jul 05 21:31:47 IST 2023","5128.5099762039945"
"100000031","Sophia","Smith","Female","59","Houston","Project Manager","Wed Jul 05 21:31:47 IST 2023","33243.932620835265"
"100000032","John","Miller","Male","64","Los Angeles","Project Manager","Wed Jul 05 21:31:47 IST 2023","21644.344858833803"
"100000033","William","Wilson","Female","31","Chicago","Business Analyst","Wed Jul 05 21:31:47 IST 2023","57006.728591376086"
"100000034","John","Davis","Male","22","Chicago","Project Manager","Wed Jul 05 21:31:47 IST 2023","77716.06898354848"
"100000035","Olivia","Brown","Male","28","New York","Project Manager","Wed Jul 05 21:31:47 IST 2023","20610.633900868947"
"100000036","Olivia","Wilson","Female","43","Houston","Project Manager","Wed Jul 05 21:31:47 IST 2023","25041.030429558537"
"100000037","John","Davis","Female","59","Houston","UX Designer","Wed Jul 05 21:31:47 IST 2023","98699.17748793073"
"100000038","Emma","Johnson","Male","66","Seattle","Software Engineer","Wed Jul 05 21:31:47 IST 2023","10246.594171157083"
"100000039","Olivia","Miller","Male","48","Chicago","Software Engineer","Wed Jul 05 21:31:47 IST 2023","2938.3829887420525"
"100000040","Emma","Johnson","Male","20","Houston","Business Analyst","Wed Jul 05 21:31:47 IST 2023","33200.02095845823"
"100000041","Emma","Miller","Female","21","Seattle","Business Analyst","Wed Jul 05 21:31:47 IST 2023","23468.586166123878"
"100000042","Michael","Johnson","Male","54","Seattle","UX Designer","Wed Jul 05 21:31:47 IST 2023","41558.27060191527"
"100000043","John","Miller","Male","56","Miami","UX Designer","Wed Jul 05 21:31:47 IST 2023","51352.02970078505"
"100000044","William","Brown","Male","53","Chicago","Business Analyst","Wed Jul 05 21:31:47 IST 2023","60756.95964184476"
"100000045","Olivia","Brown","Male","40","Seattle","Project Manager","Wed Jul 05 21:31:47 IST 2023","53590.48247534091"
"100000046","Sophia","Wilson","Female","28","Chicago","Data Analyst","Wed Jul 05 21:31:47 IST 2023","81387.68457519259"
"100000047","Emma","Wilson","Male","18","Miami","Business Analyst","Wed Jul 05 21:31:47 IST 2023","52037.07921798365"
"100000048","Sophia","Miller","Female","40","New York","Project Manager","Wed Jul 05 21:31:47 IST 2023","44662.92513101085"
"100000049","Emma","Davis","Male","18","Los Angeles","Project Manager","Wed Jul 05 21:31:47 IST 2023","58276.58706799309"
"100000050","Olivia","Smith","Male","65","New York","Data Analyst","Wed Jul 05 21:31:47 IST 2023","93417.76458314346"
"100000051","Olivia","Wilson","Male","43","Los Angeles","Business Analyst","Wed Jul 05 21:31:47 IST 2023","45298.37532918381"
"100000052","William","Johnson","Male","38","Los Angeles","UX Designer","Wed Jul 05 21:31:47 IST 2023","92847.61577532762"
"100000053","Sophia","Johnson","Female","49","Los Angeles","Data Analyst","Wed Jul 05 21:31:47 IST 2023","61536.22342555185"
"100000054","William","Miller","Female","69","Seattle","Project Manager","Wed Jul 05 21:31:47 IST 2023","23931.200911320993"
"100000055","Olivia","Davis","Female","24","Houston","Data Analyst","Wed Jul 05 21:31:47 IST 2023","23599.263240618868"
"100000056","Sophia","Brown","Male","21","Los Angeles","Data Analyst","Wed Jul 05 21:31:47 IST 2023","6237.992225449165"
"100000057","Michael","Brown","Male","19","Houston","Project Manager","Wed Jul 05 21:31:47 IST 2023","35768.21814621366"
"100000058","Sophia","Smith","Female","43","Seattle","Business Analyst","Wed Jul 05 21:31:47 IST 2023","18569.319542556525"
"100000059","Sophia","Davis","Female","34","Miami","UX Designer","Wed Jul 05 21:31:47 IST 2023","30081.201709852314"
"100000060","Emma","Davis","Female","30","Chicago","Software Engineer","Wed Jul 05 21:31:47 IST 2023","4632.393886381455"
"100000061","Sophia","Miller","Male","58","Los Angeles","Software Engineer","Wed Jul 05 21:31:47 IST 2023","20583.25387621412"
"100000062","Emma","Johnson","Female","31","Chicago","UX Designer","Wed Jul 05 21:31:47 IST 2023","85696.43322993732"
"100000063","John","Brown","Female","51","Chicago","Project Manager","Wed Jul 05 21:31:47 IST 2023","13063.863597332329"
"100000064","Michael","Miller","Male","22","Houston","Software Engineer","Wed Jul 05 21:31:47 IST 2023","32930.12553237789"
"100000065","Emma","Brown","Female","21","Los Angeles","UX Designer","Wed Jul 05 21:31:47 IST 2023","22356.690374548285"
"100000066","Sophia","Wilson","Male","50","New York","Project Manager","Wed Jul 05 21:31:47 IST 2023","47869.65867476978"
"100000067","Michael","Wilson","Male","46","Los Angeles","Data Analyst","Wed Jul 05 21:31:47 IST 2023","80025.68869279194"
"100000068","Sophia","Davis","Female","41","Miami","Data Analyst","Wed Jul 05 21:31:47 IST 2023","73216.5030195497"
"100000069","Emma","Miller","Male","39","Seattle","UX Designer","Wed Jul 05 21:31:47 IST 2023","41011.86920085424"
"100000070","William","Brown","Male","66","Los Angeles","Data Analyst","Wed Jul 05 21:31:47 IST 2023","28914.204972780713"
"100000071","Michael","Brown","Male","48","Los Angeles","UX Designer","Wed Jul 05 21:31:47 IST 2023","12564.917583186165"
"100000072","Michael","Smith","Male","46","New York","Business Analyst","Wed Jul 05 21:31:47 IST 2023","27203.378011592682"
"100000073","William","Smith","Female","65","Seattle","Business Analyst","Wed Jul 05 21:31:47 IST 2023","75533.87030933853"
"100000074","Emma","Wilson","Female","27","Miami","Business Analyst","Wed Jul 05 21:31:47 IST 2023","41104.13111573422"
"100000075","William","Wilson","Male","59","Miami","Software Engineer","Wed Jul 05 21:31:47 IST 2023","71841.08812197937"
"100000076","John","Davis","Male","23","Seattle","Project Manager","Wed Jul 05 21:31:47 IST 2023","10525.133604948413"
"100000077","Emma","Davis","Female","19","Los Angeles","Data Analyst","Wed Jul 05 21:31:47 IST 2023","58713.74046414501"
"100000078","Sophia","Smith","Female","52","Seattle","Project Manager","Wed Jul 05 21:31:47 IST 2023","8948.56295956696"
"100000079","Olivia","Wilson","Male","40","Chicago","Project Manager","Wed Jul 05 21:31:47 IST 2023","74997.00261346511"
"100000080","Sophia","Johnson","Male","32","Houston","Project Manager","Wed Jul 05 21:31:47 IST 2023","19390.129462782734"
"100000081","Michael","Wilson","Female","65","Los Angeles","Data Analyst","Wed Jul 05 21:31:47 IST 2023","67623.20896592468"
"100000082","Michael","Wilson","Male","19","Seattle","Project Manager","Wed Jul 05 21:31:47 IST 2023","81083.39842573344"
"100000083","Michael","Miller","Male","35","Houston","UX Designer","Wed Jul 05 21:31:47 IST 2023","59061.16202408087"
"100000084","William","Brown","Female","65","Los Angeles","Project Manager","Wed Jul 05 21:31:47 IST 2023","9087.647352697795"
"100000085","William","Wilson","Female","59","Seattle","Software Engineer","Wed Jul 05 21:31:47 IST 2023","67319.83536904502"
"100000086","Sophia","Miller","Male","23","New York","Data Analyst","Wed Jul 05 21:31:47 IST 2023","91768.45594170514"
"100000087","William","Brown","Female","21","New York","Project Manager","Wed Jul 05 21:31:47 IST 2023","7830.666483110477"
"100000088","John","Miller","Female","52","Seattle","Software Engineer","Wed Jul 05 21:31:47 IST 2023","37850.26849068198"
"100000089","Olivia","Davis","Male","57","Los Angeles","Software Engineer","Wed Jul 05 21:31:47 IST 2023","29282.671063869446"
"100000090","John","Davis","Male","66","Los Angeles","Software Engineer","Wed Jul 05 21:31:47 IST 2023","3490.1155403246034"
"100000091","William","Davis","Female","57","New York","Software Engineer","Wed Jul 05 21:31:47 IST 2023","77234.59903774601"
"100000092","Michael","Smith","Female","47","Miami","Software Engineer","Wed Jul 05 21:31:47 IST 2023","30571.75276400811"
"100000093","Michael","Wilson","Male","38","Los Angeles","Software Engineer","Wed Jul 05 21:31:47 IST 2023","78078.34989924659"
"100000094","Michael","Miller","Female","38","Chicago","UX Designer","Wed Jul 05 21:31:47 IST 2023","93169.41057438808"
"100000095","Olivia","Davis","Female","20","Seattle","Business Analyst","Wed Jul 05 21:31:47 IST 2023","81677.85504452787"
"100000096","Sophia","Johnson","Male","44","Seattle","UX Designer","Wed Jul 05 21:31:47 IST 2023","3880.36893816426"
"100000097","Sophia","Davis","Female","60","Chicago","UX Designer","Wed Jul 05 21:31:47 IST 2023","22757.669066630155"
"100000098","Emma","Wilson","Male","70","Miami","Software Engineer","Wed Jul 05 21:31:47 IST 2023","40475.60176357845"
"100000099","Michael","Brown","Female","44","Chicago","Software Engineer","Wed Jul 05 21:31:47 IST 2023","72865.45924078929"
"100000100","William","Wilson","Female","32","Miami","Software Engineer","Wed Jul 05 21:31:47 IST 2023","10067.688387143853"
"100000101","Olivia","Brown","Male","22","Chicago","Software Engineer","Wed Jul 05 21:31:47 IST 2023","5482.637379997572"
"100000102","William","Johnson","Male","56","Miami","Software Engineer","Wed Jul 05 21:31:47 IST 2023","36745.21218313142"
"100000103","Michael","Miller","Female","36","Houston","Business Analyst","Wed Jul 05 21:31:47 IST 2023","80607.34320462857"
"100000104","Michael","Davis","Female","21","Miami","Data Analyst","Wed Jul 05 21:31:47 IST 2023","47372.87258900202"
"100000105","John","Miller","Female","61","New York","UX Designer","Wed Jul 05 21:31:47 IST 2023","39883.9857883151"
"100000106","Olivia","Miller","Female","59","Miami","UX Designer","Wed Jul 05 21:31:47 IST 2023","4006.5298327024443"
"100000107","William","Brown","Female","64","Seattle","Software Engineer","Wed Jul 05 21:31:47 IST 2023","55103.59131709133"
"100000108","William","Johnson","Female","30","Miami","UX Designer","Wed Jul 05 21:31:47 IST 2023","85122.39759090215"
"100000109","Olivia","Smith","Female","64","Houston","UX Designer","Wed Jul 05 21:31:47 IST 2023","72649.14675901657"
"100000110","Sophia","Brown","Female","39","Miami","Business Analyst","Wed Jul 05 21:31:47 IST 2023","42609.588849546344"
"100000111","Olivia","Smith","Female","31","New York","Business Analyst","Wed Jul 05 21:31:47 IST 2023","60210.16481545982"
"100000112","Sophia","Davis","Female","18","Miami","Business Analyst","Wed Jul 05 21:31:47 IST 2023","55225.27076421374"
"100000113","John","Smith","Male","41","Los Angeles","Data Analyst","Wed Jul 05 21:31:47 IST 2023","23840.70917096329"
"100000114","Michael","Smith","Female","54","Miami","Data Analyst","Wed Jul 05 21:31:47 IST 2023","77961.6035497481"
"100000115","Michael","Smith","Male","66","Houston","Business Analyst","Wed Jul 05 21:31:47 IST 2023","74185.07369574308"
"100000116","Olivia","Smith","Male","68","Miami","Business Analyst","Wed Jul 05 21:31:47 IST 2023","57523.70813253963"
"100000117","William","Smith","Male","25","Los Angeles","Project Manager","Wed Jul 05 21:31:47 IST 2023","53445.339127987616"
"100000118","Olivia","Wilson","Female","39","Miami","UX Designer","Wed Jul 05 21:31:47 IST 2023","42867.88553941129"
"100000119","Olivia","Wilson","Male","58","New York","UX Designer","Wed Jul 05 21:31:47 IST 2023","41415.042933638586"
"100000120","Emma","Miller","Male","37","Miami","Business Analyst","Wed Jul 05 21:31:47 IST 2023","36499.28038635534"
"100000121","Michael","Johnson","Female","52","Chicago","Project Manager","Wed Jul 05 21:31:47 IST 2023","14653.163004983062"
"100000122","Emma","Johnson","Female","61","Miami","Business Analyst","Wed Jul 05 21:31:47 IST 2023","50978.22840604717"
"100000123","Olivia","Brown","Female","69","Seattle","Business Analyst","Wed Jul 05 21:31:47 IST 2023","26622.630980339527"
"100000124","Emma","Davis","Male","54","Miami","Project Manager","Wed Jul 05 21:31:47 IST 2023","67834.51947057784"
"100000125","Sophia","Wilson","Male","38","Miami","UX Designer","Wed Jul 05 21:31:47 IST 2023","24367.62674108284"
"100000126","Emma","Davis","Male","53","New York","Software Engineer","Wed Jul 05 21:31:47 IST 2023","16838.747450837243"
"100000127","Michael","Johnson","Female","70","Miami","Data Analyst","Wed Jul 05 21:31:47 IST 2023","26053.82044858937"
"100000128","William","Davis","Male","48","Chicago","Business Analyst","Wed Jul 05 21:31:47 IST 2023","17330.01893740043"
"100000129","William","Miller","Female","53","Houston","Business Analyst","Wed Jul 05 21:31:47 IST 2023","22445.827691889637"
"100000130","William","Wilson","Female","25","Miami","Business Analyst","Wed Jul 05 21:31:47 IST 2023","59049.20617889096"
"100000131","Sophia","Davis","Male","62","Houston","Data Analyst","Wed Jul 05 21:31:47 IST 2023","79146.07582573144"
"100000132","William","Brown","Female","40","Chicago","UX Designer","Wed Jul 05 21:31:47 IST 2023","7676.972743832988"
"100000133","John","Brown","Male","36","Houston","Software Engineer","Wed Jul 05 21:31:47 IST 2023","52169.299125354395"
"100000134","Emma","Brown","Male","44","New York","Data Analyst","Wed Jul 05 21:31:47 IST 2023","53025.797830376876"
"100000135","Michael","Brown","Male","28","Chicago","Project Manager","Wed Jul 05 21:31:47 IST 2023","37176.88222829577"
"100000136","Michael","Smith","Female","48","Los Angeles","Data Analyst","Wed Jul 05 21:31:47 IST 2023","59585.19896321852"
"100000137","John","Wilson","Male","30","Chicago","Project Manager","Wed Jul 05 21:31:47 IST 2023","24445.282028855992"
"100000138","Sophia","Brown","Male","33","Los Angeles","Software Engineer","Wed Jul 05 21:31:47 IST 2023","65869.4018679292"
"100000139","John","Brown","Female","48","Seattle","UX Designer","Wed Jul 05 21:31:47 IST 2023","28392.732005786333"
"100000140","Michael","Wilson","Female","24","Houston","Project Manager","Wed Jul 05 21:31:47 IST 2023","45766.635871398925"
"100000141","Sophia","Davis","Female","33","New York","Business Analyst","Wed Jul 05 21:31:47 IST 2023","5238.4525103599"
"100000142","William","Miller","Female","36","Chicago","UX Designer","Wed Jul 05 21:31:47 IST 2023","39839.31468272245"
"100000143","Olivia","Brown","Male","18","New York","Project Manager","Wed Jul 05 21:31:47 IST 2023","85118.59681165041"
"100000144","Sophia","Brown","Female","62","Seattle","Software Engineer","Wed Jul 05 21:31:47 IST 2023","7274.293442558094"
"100000145","John","Brown","Male","36","Houston","Business Analyst","Wed Jul 05 21:31:47 IST 2023","85733.12618427289"
"100000146","John","Johnson","Male","70","Houston","Business Analyst","Wed Jul 05 21:31:47 IST 2023","60932.43165338197"
"100000147","Olivia","Brown","Female","21","Los Angeles","Business Analyst","Wed Jul 05 21:31:47 IST 2023","71347.86375081303"
"100000148","Emma","Davis","Male","44","Houston","Project Manager","Wed Jul 05 21:31:47 IST 2023","89696.68312057403"
"100000149","Sophia","Davis","Female","67","Chicago","Project Manager","Wed Jul 05 21:31:47 IST 2023","82725.92257702167"
"100000150","Michael","Wilson","Female","24","Los Angeles","UX Designer","Wed Jul 05 21:31:47 IST 2023","74067.91965092717"
"100000151","Sophia","Wilson","Male","43","Houston","Project Manager","Wed Jul 05 21:31:47 IST 2023","59312.737816599"
"100000152","Sophia","Smith","Female","45","Chicago","Project Manager","Wed Jul 05 21:31:47 IST 2023","49707.71922741275"
"100000153","Olivia","Miller","Female","69","New York","Data Analyst","Wed Jul 05 21:31:47 IST 2023","9748.9109429725"
"100000154","John","Brown","Male","47","Chicago","Business Analyst","Wed Jul 05 21:31:47 IST 2023","84377.33794612082"
"100000155","Emma","Smith","Female","41","Miami","Project Manager","Wed Jul 05 21:31:47 IST 2023","16535.11135464989"
"100000156","Michael","Davis","Female","47","New York","Business Analyst","Wed Jul 05 21:31:47 IST 2023","64472.07504359192"
"100000157","John","Davis","Male","21","Houston","Project Manager","Wed Jul 05 21:31:47 IST 2023","81423.21019921478"
"100000158","John","Davis","Female","55","Chicago","Project Manager","Wed Jul 05 21:31:47 IST 2023","3100.2480876358472"
"100000159","Olivia","Brown","Male","47","Los Angeles","Data Analyst","Wed Jul 05 21:31:47 IST 2023","40857.9130931632"
"100000160","Sophia","Wilson","Female","64","Chicago","Data Analyst","Wed Jul 05 21:31:47 IST 2023","22406.02232740602"
"100000161","Olivia","Brown","Male","50","New York","Software Engineer","Wed Jul 05 21:31:47 IST 2023","3543.0702706857305"
"100000162","Olivia","Wilson","Male","19","Houston","Data Analyst","Wed Jul 05 21:31:47 IST 2023","78585.27218262844"
"100000163","John","Brown","Male","65","Chicago","UX Designer","Wed Jul 05 21:31:47 IST 2023","4956.913873621974"
"100000164","Sophia","Smith","Female","58","New York","Project Manager","Wed Jul 05 21:31:47 IST 2023","17793.731407080977"
"100000165","John","Johnson","Male","22","Houston","Project Manager","Wed Jul 05 21:31:47 IST 2023","73390.4134550188"
"100000166","Sophia","Brown","Male","19","Miami","Business Analyst","Wed Jul 05 21:31:47 IST 2023","80896.63424726874"
"100000167","Sophia","Brown","Male","51","Seattle","Business Analyst","Wed Jul 05 21:31:47 IST 2023","45833.0016213417"
"100000168","Sophia","Miller","Female","26","Los Angeles","Software Engineer","Wed Jul 05 21:31:47 IST 2023","19759.047335615527"
"100000169","Michael","Wilson","Male","41","Seattle","Software Engineer","Wed Jul 05 21:31:47 IST 2023","80779.8498216584"
"100000170","Olivia","Davis","Male","35","Los Angeles","Software Engineer","Wed Jul 05 21:31:47 IST 2023","61526.16766225729"
"100000171","Michael","Wilson","Female","40","Houston","UX Designer","Wed Jul 05 21:31:47 IST 2023","67784.94104559186"
"100000172","John","Johnson","Female","28","Los Angeles","Project Manager","Wed Jul 05 21:31:47 IST 2023","52092.723668122206"
"100000173","Sophia","Smith","Female","38","Miami","Software Engineer","Wed Jul 05 21:31:47 IST 2023","19334.157056343258"
"100000174","William","Smith","Male","48","Seattle","UX Designer","Wed Jul 05 21:31:47 IST 2023","64710.78652050464"
"100000175","Emma","Johnson","Female","63","Miami","Business Analyst","Wed Jul 05 21:31:47 IST 2023","90362.5760256657"
"100000176","William","Wilson","Male","36","Chicago","Data Analyst","Wed Jul 05 21:31:47 IST 2023","42435.13377706998"
"100000177","Sophia","Miller","Female","27","Houston","UX Designer","Wed Jul 05 21:31:47 IST 2023","83490.23286464115"
"100000178","Olivia","Brown","Female","27","Miami","UX Designer","Wed Jul 05 21:31:47 IST 2023","27855.43045587152"
"100000179","Olivia","Brown","Male","64","Miami","Software Engineer","Wed Jul 05 21:31:47 IST 2023","5800.527053029085"
"100000180","Michael","Davis","Female","53","Chicago","Business Analyst","Wed Jul 05 21:31:47 IST 2023","83314.4442156714"
"100000181","Emma","Davis","Female","28","New York","Software Engineer","Wed Jul 05 21:31:47 IST 2023","99735.519196927"
"100000182","William","Johnson","Male","41","Miami","Software Engineer","Wed Jul 05 21:31:47 IST 2023","19561.474839287155"
"100000183","John","Smith","Male","36","Houston","UX Designer","Wed Jul 05 21:31:47 IST 2023","82432.3357850627"
"100000184","William","Brown","Female","52","Houston","UX Designer","Wed Jul 05 21:31:47 IST 2023","65540.27152003121"
"100000185","Emma","Johnson","Female","25","Los Angeles","Data Analyst","Wed Jul 05 21:31:47 IST 2023","25574.87985461786"
"100000186","Sophia","Brown","Female","65","Seattle","UX Designer","Wed Jul 05 21:31:47 IST 2023","72760.6129807131"
"100000187","William","Smith","Female","54","Miami","UX Designer","Wed Jul 05 21:31:47 IST 2023","85585.0943283786"
"100000188","Emma","Brown","Female","37","Seattle","UX Designer","Wed Jul 05 21:31:47 IST 2023","20452.789257719778"
"100000189","Olivia","Davis","Female","47","New York","Business Analyst","Wed Jul 05 21:31:47 IST 2023","80727.96762043098"
"100000190","Emma","Miller","Male","29","Chicago","Software Engineer","Wed Jul 05 21:31:47 IST 2023","58454.202223270324"
"100000191","William","Miller","Female","20","Chicago","Business Analyst","Wed Jul 05 21:31:47 IST 2023","35454.53343544944"
"100000192","John","Miller","Male","21","Miami","Data Analyst","Wed Jul 05 21:31:47 IST 2023","32527.306713388414"
"100000193","William","Davis","Male","37","Seattle","Software Engineer","Wed Jul 05 21:31:47 IST 2023","65057.04772032833"
"100000194","Olivia","Davis","Male","50","Seattle","Business Analyst","Wed Jul 05 21:31:47 IST 2023","45558.087944071696"
"100000195","John","Smith","Female","48","Los Angeles","Data Analyst","Wed Jul 05 21:31:47 IST 2023","77460.58657952277"
"100000196","Emma","Miller","Female","60","Seattle","Project Manager","Wed Jul 05 21:31:47 IST 2023","68834.3347011834"
"100000197","Emma","Wilson","Female","60","Chicago","Business Analyst","Wed Jul 05 21:31:47 IST 2023","90725.28425561522"
"100000198","Michael","Wilson","Female","36","Seattle","Data Analyst","Wed Jul 05 21:31:47 IST 2023","8352.887021572684"
"100000199","Emma","Miller","Male","22","Los Angeles","Data Analyst","Wed Jul 05 21:31:47 IST 2023","9583.409992417903"
"100000200","Emma","Wilson","Female","67","New York","Business Analyst","Wed Jul 05 21:31:47 IST 2023","71855.09941076254"
"100000201","William","Wilson","Female","63","Houston","UX Designer","Wed Jul 05 21:31:47 IST 2023","6085.521322314277"
"100000202","Olivia","Davis","Female","40","Miami","Business Analyst","Wed Jul 05 21:31:47 IST 2023","20039.740358337847"
"100000203","John","Miller","Female","38","New York","Business Analyst","Wed Jul 05 21:31:47 IST 2023","1179.897758402179"
"100000204","John","Wilson","Male","22","New York","UX Designer","Wed Jul 05 21:31:47 IST 2023","68152.52862796102"
"100000205","Emma","Wilson","Male","49","Chicago","Data Analyst","Wed Jul 05 21:31:47 IST 2023","35799.49612117923"
"100000206","William","Davis","Male","36","Chicago","Software Engineer","Wed Jul 05 21:31:47 IST 2023","90901.54404812"
"100000207","John","Wilson","Male","28","New York","UX Designer","Wed Jul 05 21:31:47 IST 2023","77780.6233666508"
"100000208","William","Wilson","Male","67","Los Angeles","Data Analyst","Wed Jul 05 21:31:47 IST 2023","45397.7184437885"
"100000209","Olivia","Smith","Male","67","Seattle","UX Designer","Wed Jul 05 21:31:47 IST 2023","13687.551180629076"
"100000210","Emma","Davis","Male","39","Houston","Business Analyst","Wed Jul 05 21:31:47 IST 2023","96569.6377966354"
"100000211","Sophia","Smith","Male","66","Chicago","Software Engineer","Wed Jul 05 21:31:47 IST 2023","5367.2999232253"
"100000212","Michael","Brown","Male","32","Seattle","Software Engineer","Wed Jul 05 21:31:47 IST 2023","43251.8561107114"
"100000213","John","Brown","Male","61","Miami","Software Engineer","Wed Jul 05 21:31:47 IST 2023","29808.802173761356"
"100000214","Emma","Wilson","Female","23","Miami","Data Analyst","Wed Jul 05 21:31:47 IST 2023","43895.96608579188"
"100000215","Michael","Davis","Female","30","Los Angeles","Data Analyst","Wed Jul 05 21:31:47 IST 2023","19630.66829685064"
"100000216","Olivia","Wilson","Male","19","Seattle","Project Manager","Wed Jul 05 21:31:47 IST 2023","12603.6145359765"
"100000217","William","Davis","Male","18","Los Angeles","UX Designer","Wed Jul 05 21:31:47 IST 2023","66271.77386877162"
"100000218","Emma","Wilson","Female","58","Houston","Business Analyst","Wed Jul 05 21:31:47 IST 2023","30930.71281897743"
"100000219","Olivia","Davis","Female","26","Seattle","Project Manager","Wed Jul 05 21:31:47 IST 2023","73708.87737034161"
"100000220","William","Wilson","Male","60","Seattle","Data Analyst","Wed Jul 05 21:31:47 IST 2023","86662.02505044386"
"100000221","John","Wilson","Male","62","Los Angeles","UX Designer","Wed Jul 05 21:31:47 IST 2023","57275.509376031565"
"100000222","William","Davis","Male","70","Los Angeles","Project Manager","Wed Jul 05 21:31:47 IST 2023","49505.395432867255"
"100000223","Emma","Wilson","Male","31","Los Angeles","UX Designer","Wed Jul 05 21:31:47 IST 2023","29906.32173012704"
"100000224","Michael","Brown","Male","45","Miami","Project Manager","Wed Jul 05 21:31:47 IST 2023","26404.799686237173"
"100000225","William","Miller","Male","59","New York","UX Designer","Wed Jul 05 21:31:47 IST 2023","26881.146053358498"
"100000226","Michael","Wilson","Female","25","Seattle","Data Analyst","Wed Jul 05 21:31:47 IST 2023","75921.44134158094"
"100000227","Emma","Davis","Male","47","Houston","Project Manager","Wed Jul 05 21:31:47 IST 2023","52892.95228362884"
"100000228","John","Johnson","Male","31","Houston","Project Manager","Wed Jul 05 21:31:47 IST 2023","67882.14500683763"
"100000229","Olivia","Brown","Female","34","Houston","Project Manager","Wed Jul 05 21:31:47 IST 2023","57013.95733186842"
"100000230","Michael","Miller","Female","46","Los Angeles","Business Analyst","Wed Jul 05 21:31:47 IST 2023","4244.2149960682855"
"100000231","Emma","Smith","Male","21","New York","Business Analyst","Wed Jul 05 21:31:47 IST 2023","65884.06054210346"
"100000232","Olivia","Smith","Male","33","Chicago","Data Analyst","Wed Jul 05 21:31:47 IST 2023","52876.02692121036"
"100000233","Emma","Smith","Male","29","Chicago","Business Analyst","Wed Jul 05 21:31:47 IST 2023","36195.87300174031"
"100000234","Emma","Miller","Female","37","Los Angeles","Software Engineer","Wed Jul 05 21:31:47 IST 2023","65702.53022627524"
"100000235","Sophia","Davis","Male","34","Miami","UX Designer","Wed Jul 05 21:31:47 IST 2023","2300.5181287586493"
"100000236","John","Davis","Female","59","Houston","Project Manager","Wed Jul 05 21:31:47 IST 2023","60414.91229822485"
"100000237","Emma","Smith","Male","43","Miami","Project Manager","Wed Jul 05 21:31:47 IST 2023","30508.45066641444"
"100000238","John","Johnson","Female","47","Seattle","Data Analyst","Wed Jul 05 21:31:47 IST 2023","1693.6190993983544"
"100000239","William","Miller","Male","24","Chicago","UX Designer","Wed Jul 05 21:31:47 IST 2023","11409.498803622266"
"100000240","John","Miller","Female","70","Chicago","Data Analyst","Wed Jul 05 21:31:47 IST 2023","14643.973366827497"
"100000241","Emma","Miller","Female","69","Houston","UX Designer","Wed Jul 05 21:31:47 IST 2023","39286.3389336364"
"100000242","Olivia","Smith","Male","70","Los Angeles","Project Manager","Wed Jul 05 21:31:47 IST 2023","9893.58163527444"
"100000243","John","Johnson","Female","51","Chicago","Business Analyst","Wed Jul 05 21:31:47 IST 2023","73445.6616145464"
"100000244","Michael","Wilson","Female","58","Seattle","Data Analyst","Wed Jul 05 21:31:47 IST 2023","1550.7762925829368"
"100000245","John","Brown","Female","61","Los Angeles","UX Designer","Wed Jul 05 21:31:47 IST 2023","76041.18587407544"
"100000246","Michael","Miller","Female","27","Los Angeles","Project Manager","Wed Jul 05 21:31:47 IST 2023","47973.29498828865"
"100000247","Emma","Brown","Female","24","New York","UX Designer","Wed Jul 05 21:31:47 IST 2023","63712.80771367379"
"100000248","Sophia","Wilson","Male","44","Chicago","Business Analyst","Wed Jul 05 21:31:47 IST 2023","57046.417787818005"
"100000249","Emma","Smith","Female","62","Chicago","Data Analyst","Wed Jul 05 21:31:47 IST 2023","30116.03626635853"
"100000250","William","Davis","Female","22","Seattle","Data Analyst","Wed Jul 05 21:31:47 IST 2023","19419.790209483082"
"100000251","William","Davis","Female","33","New York","Business Analyst","Wed Jul 05 21:31:47 IST 2023","18165.999775254313"
"100000252","Olivia","Brown","Female","29","Los Angeles","Business Analyst","Wed Jul 05 21:31:47 IST 2023","69902.13999727459"
"100000253","Sophia","Johnson","Male","36","Los Angeles","Software Engineer","Wed Jul 05 21:31:47 IST 2023","51570.18443618347"
"100000254","John","Miller","Male","35","Seattle","UX Designer","Wed Jul 05 21:31:47 IST 2023","98963.10617776342"
"100000255","Sophia","Wilson","Male","36","Chicago","Software Engineer","Wed Jul 05 21:31:47 IST 2023","55974.1595045688"
"100000256","Emma","Smith","Female","55","Miami","Business Analyst","Wed Jul 05 21:31:47 IST 2023","47041.41849601936"
"100000257","Emma","Wilson","Male","69","Houston","UX Designer","Wed Jul 05 21:31:47 IST 2023","23794.4981792682"
"100000258","Sophia","Davis","Male","18","Houston","Business Analyst","Wed Jul 05 21:31:47 IST 2023","59108.60816087613"
"100000259","Olivia","Smith","Male","55","New York","Software Engineer","Wed Jul 05 21:31:47 IST 2023","8563.112996053362"
"100000260","Emma","Davis","Male","68","Houston","Business Analyst","Wed Jul 05 21:31:47 IST 2023","97687.51381071295"
"100000261","John","Brown","Male","55","Miami","UX Designer","Wed Jul 05 21:31:47 IST 2023","54357.21893138865"
"100000262","John","Wilson","Female","56","Miami","Data Analyst","Wed Jul 05 21:31:47 IST 2023","23274.770268549077"
"100000263","William","Brown","Male","32","Miami","Data Analyst","Wed Jul 05 21:31:47 IST 2023","91639.14368683015"
"100000264","William","Wilson","Female","31","Houston","Business Analyst","Wed Jul 05 21:31:47 IST 2023","86866.4960531358"
"100000265","Olivia","Miller","Female","47","New York","Software Engineer","Wed Jul 05 21:31:47 IST 2023","53580.22122053297"
"100000266","William","Brown","Female","51","Los Angeles","Project Manager","Wed Jul 05 21:31:47 IST 2023","22036.432861907353"
"100000267","Sophia","Wilson","Male","70","Chicago","Business Analyst","Wed Jul 05 21:31:47 IST 2023","95692.96513035444"
"100000268","Michael","Johnson","Male","43","Houston","Business Analyst","Wed Jul 05 21:31:47 IST 2023","96765.72127535401"
"100000269","Sophia","Wilson","Male","47","Chicago","Data Analyst","Wed Jul 05 21:31:47 IST 2023","34345.745415714584"
"100000270","William","Johnson","Female","31","Chicago","Business Analyst","Wed Jul 05 21:31:47 IST 2023","84973.53418155725"
"100000271","Michael","Brown","Female","35","Miami","UX Designer","Wed Jul 05 21:31:47 IST 2023","15484.204315897938"
"100000272","William","Davis","Male","67","Seattle","Software Engineer","Wed Jul 05 21:31:47 IST 2023","62447.80896622594"
"100000273","Emma","Smith","Male","47","Seattle","Software Engineer","Wed Jul 05 21:31:47 IST 2023","93633.60008440618"
"100000274","William","Johnson","Male","45","Miami","Business Analyst","Wed Jul 05 21:31:47 IST 2023","26625.28742764641"
"100000275","Michael","Davis","Male","57","Chicago","Data Analyst","Wed Jul 05 21:31:47 IST 2023","89006.33136201791"
"100000276","Olivia","Wilson","Male","26","New York","Project Manager","Wed Jul 05 21:31:47 IST 2023","17420.057992614147"
"100000277","Olivia","Wilson","Female","60","Los Angeles","Data Analyst","Wed Jul 05 21:31:47 IST 2023","26288.83174577267"
"100000278","Michael","Brown","Male","54","Miami","UX Designer","Wed Jul 05 21:31:47 IST 2023","65049.86008767611"
"100000279","Michael","Johnson","Male","40","Chicago","Business Analyst","Wed Jul 05 21:31:47 IST 2023","97432.06730113331"
"100000280","William","Davis","Female","41","Miami","UX Designer","Wed Jul 05 21:31:47 IST 2023","8559.341553713857"
"100000281","William","Wilson","Female","43","Houston","Business Analyst","Wed Jul 05 21:31:47 IST 2023","6519.859806880462"
"100000282","Olivia","Brown","Female","43","New York","UX Designer","Wed Jul 05 21:31:47 IST 2023","45489.4928154301"
"100000283","Emma","Davis","Male","69","Chicago","Project Manager","Wed Jul 05 21:31:47 IST 2023","54539.24708937643"
"100000284","Michael","Wilson","Male","54","Houston","Project Manager","Wed Jul 05 21:31:47 IST 2023","26892.48041089049"
"100000285","Michael","Davis","Female","65","Chicago","Project Manager","Wed Jul 05 21:31:47 IST 2023","10627.087745995103"
"100000286","Emma","Miller","Female","50","Houston","UX Designer","Wed Jul 05 21:31:47 IST 2023","90641.10285507586"
"100000287","John","Johnson","Female","30","Houston","Business Analyst","Wed Jul 05 21:31:47 IST 2023","58117.16955884136"
"100000288","William","Davis","Male","41","Chicago","Data Analyst","Wed Jul 05 21:31:47 IST 2023","3732.073002409432"
"100000289","Michael","Smith","Male","63","Miami","UX Designer","Wed Jul 05 21:31:47 IST 2023","10461.979478855423"
"100000290","Sophia","Davis","Male","31","Houston","Project Manager","Wed Jul 05 21:31:47 IST 2023","54032.35504546685"
"100000291","William","Wilson","Female","63","Houston","Data Analyst","Wed Jul 05 21:31:47 IST 2023","45853.41144639773"
"100000292","Olivia","Brown","Male","18","Seattle","Software Engineer","Wed Jul 05 21:31:47 IST 2023","20667.79055674022"
"100000293","Michael","Brown","Female","29","Chicago","Business Analyst","Wed Jul 05 21:31:47 IST 2023","96116.59721988652"
"100000294","Emma","Johnson","Male","32","Miami","UX Designer","Wed Jul 05 21:31:47 IST 2023","4003.192290962723"
"100000295","John","Smith","Female","47","Houston","Software Engineer","Wed Jul 05 21:31:47 IST 2023","99201.0929597423"
"100000296","Michael","Smith","Male","57","Seattle","Software Engineer","Wed Jul 05 21:31:47 IST 2023","89913.16302069696"
"100000297","Sophia","Smith","Male","30","Chicago","Software Engineer","Wed Jul 05 21:31:47 IST 2023","82343.62665461347"
"100000298","Michael","Johnson","Female","55","Chicago","Business Analyst","Wed Jul 05 21:31:47 IST 2023","5792.842463740274"
"100000299","Sophia","Brown","Female","24","Miami","Project Manager","Wed Jul 05 21:31:47 IST 2023","57726.639874744775"
"100000300","Michael","Davis","Female","45","Chicago","Software Engineer","Wed Jul 05 21:31:47 IST 2023","49507.803432283996"
"100000301","Sophia","Miller","Male","33","Houston","Project Manager","Wed Jul 05 21:31:47 IST 2023","34206.842954004635"
"100000302","Michael","Miller","Male","34","Los Angeles","Business Analyst","Wed Jul 05 21:31:47 IST 2023","43232.30247520205"
"100000303","John","Davis","Male","38","New York","Software Engineer","Wed Jul 05 21:31:47 IST 2023","77437.98831874187"
"100000304","John","Johnson","Male","37","New York","Software Engineer","Wed Jul 05 21:31:47 IST 2023","18875.131959667597"
"100000305","John","Wilson","Male","70","Seattle","Business Analyst","Wed Jul 05 21:31:47 IST 2023","78462.08032738003"
"100000306","Michael","Brown","Female","45","Los Angeles","Software Engineer","Wed Jul 05 21:31:47 IST 2023","30542.266324146334"
"100000307","William","Davis","Female","63","New York","Software Engineer","Wed Jul 05 21:31:47 IST 2023","4593.277233835812"
"100000308","Olivia","Brown","Male","69","Houston","Business Analyst","Wed Jul 05 21:31:47 IST 2023","78235.53838485267"
"100000309","Sophia","Brown","Male","18","Seattle","Project Manager","Wed Jul 05 21:31:47 IST 2023","45168.6394668195"
"100000310","Olivia","Brown","Male","60","Miami","Project Manager","Wed Jul 05 21:31:47 IST 2023","62736.54801661451"
"100000311","William","Smith","Female","56","Los Angeles","Data Analyst","Wed Jul 05 21:31:47 IST 2023","89490.00270393542"
"100000312","Emma","Davis","Male","51","Houston","UX Designer","Wed Jul 05 21:31:47 IST 2023","13375.039827840796"
"100000313","Michael","Davis","Female","21","Seattle","Project Manager","Wed Jul 05 21:31:47 IST 2023","78031.1734514817"
"100000314","William","Brown","Male","39","New York","Project Manager","Wed Jul 05 21:31:47 IST 2023","63130.95583857449"
"100000315","William","Johnson","Male","22","Seattle","UX Designer","Wed Jul 05 21:31:47 IST 2023","20734.637833577406"
"100000316","Olivia","Brown","Male","46","Chicago","Project Manager","Wed Jul 05 21:31:47 IST 2023","66269.38871721306"
"100000317","Olivia","Wilson","Female","49","Houston","UX Designer","Wed Jul 05 21:31:47 IST 2023","84972.05875030148"
"100000318","William","Wilson","Male","46","Houston","UX Designer","Wed Jul 05 21:31:47 IST 2023","65457.64822334687"
"100000319","Olivia","Smith","Female","37","Miami","Business Analyst","Wed Jul 05 21:31:47 IST 2023","91492.72186656507"
"100000320","Emma","Johnson","Male","48","New York","Business Analyst","Wed Jul 05 21:31:47 IST 2023","68063.66272425935"
"100000321","Olivia","Wilson","Male","44","Houston","Software Engineer","Wed Jul 05 21:31:47 IST 2023","58434.20485379419"
"100000322","Michael","Wilson","Male","24","Los Angeles","Project Manager","Wed Jul 05 21:31:47 IST 2023","91084.94392229719"
"100000323","Sophia","Brown","Female","61","New York","UX Designer","Wed Jul 05 21:31:47 IST 2023","92219.42960853664"
"100000324","William","Miller","Female","56","Miami","Software Engineer","Wed Jul 05 21:31:47 IST 2023","72907.3108443923"
"100000325","Olivia","Davis","Male","44","Seattle","UX Designer","Wed Jul 05 21:31:47 IST 2023","27914.36670681792"
"100000326","Emma","Brown","Female","28","Chicago","Project Manager","Wed Jul 05 21:31:47 IST 2023","66842.61672070074"
"100000327","Sophia","Smith","Female","18","Los Angeles","Project Manager","Wed Jul 05 21:31:47 IST 2023","38370.589436341616"
"100000328","John","Davis","Male","52","Miami","UX Designer","Wed Jul 05 21:31:47 IST 2023","67144.67849167802"
"100000329","Emma","Davis","Female","45","Seattle","Data Analyst","Wed Jul 05 21:31:47 IST 2023","90226.88839436787"
"100000330","John","Wilson","Female","39","New York","UX Designer","Wed Jul 05 21:31:47 IST 2023","30952.642981658504"
"100000331","Sophia","Wilson","Male","47","Seattle","UX Designer","Wed Jul 05 21:31:47 IST 2023","10594.187512206789"
"100000332","John","Wilson","Male","43","Houston","Project Manager","Wed Jul 05 21:31:47 IST 2023","90360.99611672602"
"100000333","Emma","Johnson","Female","40","Seattle","Project Manager","Wed Jul 05 21:31:47 IST 2023","71997.95257875859"
"100000334","John","Brown","Female","69","Miami","UX Designer","Wed Jul 05 21:31:47 IST 2023","82565.43521040067"
"100000335","William","Smith","Male","23","New York","Business Analyst","Wed Jul 05 21:31:47 IST 2023","47902.33533685964"
"100000336","Emma","Brown","Female","25","Houston","Business Analyst","Wed Jul 05 21:31:47 IST 2023","25783.839461621214"
"100000337","John","Johnson","Male","21","Seattle","UX Designer","Wed Jul 05 21:31:47 IST 2023","61890.26709069812"
"100000338","William","Johnson","Female","50","Chicago","Data Analyst","Wed Jul 05 21:31:47 IST 2023","25401.526971426265"
"100000339","Sophia","Johnson","Female","30","Miami","UX Designer","Wed Jul 05 21:31:47 IST 2023","44323.699904002104"
"100000340","William","Brown","Female","25","Miami","Business Analyst","Wed Jul 05 21:31:47 IST 2023","99540.05481343021"
"100000341","William","Smith","Female","51","Los Angeles","Project Manager","Wed Jul 05 21:31:47 IST 2023","80058.2484204603"
"100000342","Emma","Smith","Male","40","Houston","Software Engineer","Wed Jul 05 21:31:47 IST 2023","41998.73940038552"
"100000343","Olivia","Wilson","Male","44","Seattle","UX Designer","Wed Jul 05 21:31:47 IST 2023","94536.41342110632"
"100000344","Olivia","Johnson","Male","55","Los Angeles","Project Manager","Wed Jul 05 21:31:47 IST 2023","59268.15736996429"
"100000345","Sophia","Smith","Female","53","Chicago","Software Engineer","Wed Jul 05 21:31:47 IST 2023","23333.648263808787"
"100000346","Sophia","Wilson","Female","21","Seattle","Project Manager","Wed Jul 05 21:31:47 IST 2023","72064.81087051802"
"100000347","Sophia","Smith","Male","26","Chicago","Business Analyst","Wed Jul 05 21:31:47 IST 2023","50981.441205915886"
"100000348","Michael","Wilson","Female","37","Chicago","Project Manager","Wed Jul 05 21:31:47 IST 2023","51586.19607933195"
"100000349","John","Davis","Female","37","Miami","Software Engineer","Wed Jul 05 21:31:47 IST 2023","34641.66811672954"
"100000350","Emma","Smith","Female","42","Los Angeles","Software Engineer","Wed Jul 05 21:31:47 IST 2023","23435.493501683988"
"100000351","Michael","Brown","Female","49","Miami","UX Designer","Wed Jul 05 21:31:47 IST 2023","24956.424723624197"
"100000352","William","Davis","Female","56","Miami","Software Engineer","Wed Jul 05 21:31:47 IST 2023","79915.08274045838"
"100000353","Sophia","Wilson","Male","57","New York","Project Manager","Wed Jul 05 21:31:47 IST 2023","59147.5346274945"
"100000354","Emma","Miller","Female","24","Seattle","Data Analyst","Wed Jul 05 21:31:47 IST 2023","73138.1275761009"
"100000355","Emma","Miller","Female","27","Houston","Data Analyst","Wed Jul 05 21:31:47 IST 2023","99189.99607669283"
"100000356","William","Brown","Female","46","New York","UX Designer","Wed Jul 05 21:31:47 IST 2023","72157.40527997377"
"100000357","Olivia","Johnson","Male","55","New York","Data Analyst","Wed Jul 05 21:31:47 IST 2023","22633.539394094267"
"100000358","Michael","Davis","Male","47","Seattle","Project Manager","Wed Jul 05 21:31:47 IST 2023","19060.66951973869"
"100000359","Sophia","Brown","Male","25","Miami","Data Analyst","Wed Jul 05 21:31:47 IST 2023","93396.54993276764"
"100000360","William","Brown","Male","42","Chicago","Business Analyst","Wed Jul 05 21:31:47 IST 2023","13731.684637059334"
"100000361","William","Wilson","Female","70","Houston","Software Engineer","Wed Jul 05 21:31:47 IST 2023","87606.55574636676"
"100000362","John","Miller","Male","70","Houston","Project Manager","Wed Jul 05 21:31:47 IST 2023","8726.20959213992"
"100000363","Sophia","Wilson","Female","62","Seattle","Project Manager","Wed Jul 05 21:31:47 IST 2023","26311.49870695448"
"100000364","John","Johnson","Male","64","Chicago","Project Manager","Wed Jul 05 21:31:47 IST 2023","96462.12467595184"
"100000365","Olivia","Wilson","Male","44","Los Angeles","Business Analyst","Wed Jul 05 21:31:47 IST 2023","46636.021448709675"
"100000366","John","Smith","Male","65","Seattle","Software Engineer","Wed Jul 05 21:31:47 IST 2023","21672.929864963917"
"100000367","Michael","Brown","Male","67","New York","Data Analyst","Wed Jul 05 21:31:47 IST 2023","36706.979281332926"
"100000368","Sophia","Wilson","Female","30","Miami","Data Analyst","Wed Jul 05 21:31:47 IST 2023","41823.82045855547"
"100000369","John","Davis","Female","39","Seattle","Software Engineer","Wed Jul 05 21:31:47 IST 2023","80422.38953619912"
"100000370","Emma","Miller","Female","60","Seattle","UX Designer","Wed Jul 05 21:31:47 IST 2023","35939.56813632035"
"100000371","Olivia","Wilson","Male","51","Houston","UX Designer","Wed Jul 05 21:31:47 IST 2023","10888.050354904219"
"100000372","William","Johnson","Male","59","Chicago","Project Manager","Wed Jul 05 21:31:47 IST 2023","24043.432990842888"
"100000373","William","Wilson","Female","51","Miami","Project Manager","Wed Jul 05 21:31:47 IST 2023","59096.04654650715"
"100000374","William","Smith","Female","50","Seattle","Project Manager","Wed Jul 05 21:31:47 IST 2023","37156.31033210719"
"100000375","John","Miller","Male","42","Seattle","Project Manager","Wed Jul 05 21:31:47 IST 2023","55169.33985556237"
"100000376","John","Wilson","Male","18","Chicago","Data Analyst","Wed Jul 05 21:31:47 IST 2023","74555.3356062983"
"100000377","John","Johnson","Male","60","Chicago","Data Analyst","Wed Jul 05 21:31:47 IST 2023","10246.7018356554"
"100000378","John","Johnson","Male","52","Houston","Data Analyst","Wed Jul 05 21:31:47 IST 2023","18741.17704141845"
"100000379","Michael","Smith","Female","46","Chicago","UX Designer","Wed Jul 05 21:31:47 IST 2023","80832.1638047051"
"100000380","Olivia","Miller","Male","64","Miami","Project Manager","Wed Jul 05 21:31:47 IST 2023","96313.22682314976"
"100000381","Olivia","Davis","Male","27","Los Angeles","Software Engineer","Wed Jul 05 21:31:47 IST 2023","21183.24428956742"
"100000382","Michael","Davis","Male","32","Los Angeles","Business Analyst","Wed Jul 05 21:31:47 IST 2023","22701.887221049885"
"100000383","Emma","Wilson","Male","42","Los Angeles","Software Engineer","Wed Jul 05 21:31:47 IST 2023","36062.12769859685"
"100000384","John","Smith","Male","28","New York","Software Engineer","Wed Jul 05 21:31:47 IST 2023","42457.222214718146"
"100000385","William","Smith","Female","69","Houston","Data Analyst","Wed Jul 05 21:31:47 IST 2023","20924.068644242383"
"100000386","Olivia","Brown","Male","46","Houston","Data Analyst","Wed Jul 05 21:31:47 IST 2023","72543.1481741864"
"100000387","Michael","Davis","Female","33","Chicago","Data Analyst","Wed Jul 05 21:31:47 IST 2023","42367.17868936236"
"100000388","Olivia","Johnson","Male","36","Miami","Data Analyst","Wed Jul 05 21:31:47 IST 2023","11836.39800140594"
"100000389","William","Miller","Female","67","Chicago","Data Analyst","Wed Jul 05 21:31:47 IST 2023","85417.87067694233"
"100000390","Michael","Brown","Male","20","Seattle","Data Analyst","Wed Jul 05 21:31:47 IST 2023","47779.471380281015"
"100000391","Olivia","Brown","Male","28","Los Angeles","UX Designer","Wed Jul 05 21:31:47 IST 2023","88976.13880751724"
"100000392","Sophia","Brown","Male","69","Los Angeles","Project Manager","Wed Jul 05 21:31:47 IST 2023","13886.815131017494"
"100000393","Michael","Johnson","Male","24","Chicago","Business Analyst","Wed Jul 05 21:31:47 IST 2023","28494.909055570814"
"100000394","William","Smith","Male","50","New York","Data Analyst","Wed Jul 05 21:31:47 IST 2023","44553.40574782588"
"100000395","Olivia","Brown","Male","53","Seattle","UX Designer","Wed Jul 05 21:31:47 IST 2023","27717.697835419003"
"100000396","John","Miller","Male","50","Miami","Data Analyst","Wed Jul 05 21:31:47 IST 2023","46365.01130808376"
"100000397","Sophia","Brown","Male","48","Los Angeles","Project Manager","Wed Jul 05 21:31:47 IST 2023","11048.741959925166"
"100000398","John","Brown","Male","66","Los Angeles","UX Designer","Wed Jul 05 21:31:47 IST 2023","83859.2804909502"
"100000399","Michael","Davis","Female","61","Miami","Business Analyst","Wed Jul 05 21:31:47 IST 2023","16879.89017268486"
"100000400","Olivia","Davis","Male","23","Seattle","UX Designer","Wed Jul 05 21:31:47 IST 2023","40436.95875936886"
"100000401","William","Wilson","Female","56","Seattle","Business Analyst","Wed Jul 05 21:31:47 IST 2023","39948.42003463515"
"100000402","Olivia","Johnson","Female","25","Miami","Software Engineer","Wed Jul 05 21:31:47 IST 2023","8872.38018105989"
"100000403","William","Brown","Male","53","Seattle","Software Engineer","Wed Jul 05 21:31:47 IST 2023","77550.0180755954"
"100000404","Emma","Brown","Male","24","Seattle","Software Engineer","Wed Jul 05 21:31:47 IST 2023","19622.491423596097"
"100000405","Emma","Davis","Female","61","Miami","Data Analyst","Wed Jul 05 21:31:47 IST 2023","89181.16001483516"
"100000406","Michael","Davis","Male","58","Miami","Data Analyst","Wed Jul 05 21:31:47 IST 2023","16883.62057101428"
"100000407","John","Davis","Male","44","New York","Data Analyst","Wed Jul 05 21:31:47 IST 2023","98935.06331411"
"100000408","Sophia","Johnson","Male","54","Chicago","Data Analyst","Wed Jul 05 21:31:47 IST 2023","27095.200827785717"
"100000409","Sophia","Davis","Male","49","Los Angeles","Data Analyst","Wed Jul 05 21:31:47 IST 2023","1725.4894356725988"
"100000410","Michael","Smith","Male","42","Houston","Business Analyst","Wed Jul 05 21:31:47 IST 2023","93339.67429692412"
"100000411","Olivia","Miller","Female","28","Los Angeles","Business Analyst","Wed Jul 05 21:31:47 IST 2023","45162.559955017554"
"100000412","Michael","Davis","Male","62","New York","Business Analyst","Wed Jul 05 21:31:47 IST 2023","68837.7969621672"
"100000413","William","Davis","Female","63","Seattle","Project Manager","Wed Jul 05 21:31:47 IST 2023","13654.843985465306"
"100000414","Emma","Wilson","Male","24","Seattle","Data Analyst","Wed Jul 05 21:31:47 IST 2023","80488.5648977576"
"100000415","Michael","Davis","Male","22","Chicago","Project Manager","Wed Jul 05 21:31:47 IST 2023","17061.92605839987"
"100000416","Sophia","Miller","Female","28","Chicago","Software Engineer","Wed Jul 05 21:31:47 IST 2023","23152.954069067957"
"100000417","Olivia","Wilson","Female","47","Miami","Business Analyst","Wed Jul 05 21:31:47 IST 2023","68971.64774441496"
"100000418","Michael","Miller","Male","64","Los Angeles","Project Manager","Wed Jul 05 21:31:47 IST 2023","34130.74759294152"
"100000419","Michael","Miller","Male","33","Miami","Business Analyst","Wed Jul 05 21:31:47 IST 2023","20426.2889549594"
"100000420","Emma","Wilson","Male","53","Chicago","Business Analyst","Wed Jul 05 21:31:47 IST 2023","61029.60077736704"
"100000421","Michael","Smith","Female","44","Seattle","UX Designer","Wed Jul 05 21:31:47 IST 2023","53671.8593439042"
"100000422","Michael","Brown","Male","50","Houston","Data Analyst","Wed Jul 05 21:31:47 IST 2023","26975.63182390128"
"100000423","William","Miller","Female","64","Seattle","Business Analyst","Wed Jul 05 21:31:47 IST 2023","84254.75615972513"
"100000424","Emma","Wilson","Female","35","Houston","Software Engineer","Wed Jul 05 21:31:47 IST 2023","42864.69515092524"
"100000425","Michael","Smith","Female","26","Chicago","Software Engineer","Wed Jul 05 21:31:47 IST 2023","8539.98183355516"
"100000426","Michael","Brown","Male","30","Miami","UX Designer","Wed Jul 05 21:31:47 IST 2023","42103.599404885725"
"100000427","Olivia","Wilson","Female","41","New York","Software Engineer","Wed Jul 05 21:31:47 IST 2023","85475.15921361327"
"100000428","William","Miller","Female","38","Los Angeles","Business Analyst","Wed Jul 05 21:31:47 IST 2023","20040.469161234552"
"100000429","John","Wilson","Male","20","Seattle","Software Engineer","Wed Jul 05 21:31:47 IST 2023","73174.54879537651"
"100000430","Michael","Johnson","Male","32","Miami","Software Engineer","Wed Jul 05 21:31:47 IST 2023","6033.4688633758105"
"100000431","Olivia","Davis","Female","45","New York","Business Analyst","Wed Jul 05 21:31:47 IST 2023","22647.282992169898"
"100000432","Olivia","Smith","Female","70","Miami","Project Manager","Wed Jul 05 21:31:47 IST 2023","9857.130044959844"
"100000433","Emma","Wilson","Male","58","Seattle","UX Designer","Wed Jul 05 21:31:47 IST 2023","12744.071215241931"
"100000434","Sophia","Miller","Female","62","Seattle","Data Analyst","Wed Jul 05 21:31:47 IST 2023","10895.448013703219"
"100000435","Michael","Smith","Female","62","Seattle","UX Designer","Wed Jul 05 21:31:47 IST 2023","95146.53401222463"
"100000436","Emma","Smith","Male","67","Chicago","Business Analyst","Wed Jul 05 21:31:47 IST 2023","83321.04141220449"
"100000437","Sophia","Smith","Male","36","Miami","Project Manager","Wed Jul 05 21:31:47 IST 2023","59973.45765102729"
"100000438","Olivia","Johnson","Female","50","Houston","Software Engineer","Wed Jul 05 21:31:47 IST 2023","82209.53272025276"
"100000439","Sophia","Brown","Female","38","Miami","Software Engineer","Wed Jul 05 21:31:47 IST 2023","43328.111908305626"
"100000440","William","Brown","Male","36","Los Angeles","Business Analyst","Wed Jul 05 21:31:47 IST 2023","23288.37599181793"
"100000441","Michael","Brown","Male","27","Seattle","Data Analyst","Wed Jul 05 21:31:47 IST 2023","52860.912860658595"
"100000442","Emma","Davis","Female","30","Miami","Software Engineer","Wed Jul 05 21:31:47 IST 2023","36769.40126994961"
"100000443","Emma","Davis","Female","67","Miami","Business Analyst","Wed Jul 05 21:31:47 IST 2023","76171.6169565355"
"100000444","Emma","Wilson","Male","55","Seattle","Project Manager","Wed Jul 05 21:31:47 IST 2023","87464.21714791293"
"100000445","Olivia","Davis","Female","60","Chicago","UX Designer","Wed Jul 05 21:31:47 IST 2023","85625.27432165976"
"100000446","John","Miller","Female","64","Miami","Business Analyst","Wed Jul 05 21:31:47 IST 2023","74131.75788476029"
"100000447","Emma","Smith","Male","35","Los Angeles","Data Analyst","Wed Jul 05 21:31:47 IST 2023","69906.15191699906"
"100000448","Michael","Brown","Male","52","New York","Data Analyst","Wed Jul 05 21:31:47 IST 2023","54757.15268643425"
"100000449","Emma","Miller","Male","70","Los Angeles","Data Analyst","Wed Jul 05 21:31:47 IST 2023","49383.859665340206"
"100000450","Sophia","Brown","Male","42","Miami","Project Manager","Wed Jul 05 21:31:47 IST 2023","72211.15119046894"
"100000451","Sophia","Davis","Male","44","Los Angeles","Project Manager","Wed Jul 05 21:31:47 IST 2023","57115.879101386425"
"100000452","William","Brown","Male","64","Chicago","Project Manager","Wed Jul 05 21:31:47 IST 2023","69489.32333379694"
"100000453","Sophia","Davis","Male","40","Chicago","UX Designer","Wed Jul 05 21:31:47 IST 2023","92060.74462640745"
"100000454","Olivia","Davis","Male","41","Miami","UX Designer","Wed Jul 05 21:31:47 IST 2023","12480.255102401909"
"100000455","Michael","Brown","Male","21","Chicago","Project Manager","Wed Jul 05 21:31:47 IST 2023","75826.04963088343"
"100000456","Emma","Miller","Male","23","New York","UX Designer","Wed Jul 05 21:31:47 IST 2023","65961.94580299634"
"100000457","Michael","Miller","Female","60","Houston","UX Designer","Wed Jul 05 21:31:47 IST 2023","67025.5415807149"
"100000458","Sophia","Johnson","Male","36","Los Angeles","Data Analyst","Wed Jul 05 21:31:47 IST 2023","99275.63794436253"
"100000459","Sophia","Brown","Female","56","Chicago","Business Analyst","Wed Jul 05 21:31:47 IST 2023","22069.49824584214"
"100000460","Michael","Smith","Male","63","New York","Data Analyst","Wed Jul 05 21:31:47 IST 2023","99876.30085829266"
"100000461","William","Brown","Female","53","Chicago","Project Manager","Wed Jul 05 21:31:47 IST 2023","98962.61449929434"
"100000462","Michael","Davis","Male","49","Seattle","Data Analyst","Wed Jul 05 21:31:47 IST 2023","28708.973331504618"
"100000463","Olivia","Brown","Male","30","Houston","Software Engineer","Wed Jul 05 21:31:47 IST 2023","50433.614731343754"
"100000464","Olivia","Johnson","Male","67","Seattle","Project Manager","Wed Jul 05 21:31:47 IST 2023","52110.19596736692"
"100000465","Sophia","Davis","Male","29","New York","Data Analyst","Wed Jul 05 21:31:47 IST 2023","39470.7974409537"
"100000466","John","Davis","Female","38","Chicago","Project Manager","Wed Jul 05 21:31:47 IST 2023","30683.743712060917"
"100000467","John","Smith","Female","24","Seattle","UX Designer","Wed Jul 05 21:31:47 IST 2023","87087.77499368148"
"100000468","William","Davis","Male","54","Los Angeles","Data Analyst","Wed Jul 05 21:31:47 IST 2023","41349.887051192025"
"100000469","William","Smith","Male","25","Houston","Data Analyst","Wed Jul 05 21:31:47 IST 2023","39893.553886804264"
"100000470","Michael","Johnson","Male","52","Houston","UX Designer","Wed Jul 05 21:31:47 IST 2023","70517.39157387032"
"100000471","John","Davis","Male","25","Los Angeles","Data Analyst","Wed Jul 05 21:31:47 IST 2023","88791.25022795086"
"100000472","Michael","Miller","Female","55","Los Angeles","Data Analyst","Wed Jul 05 21:31:47 IST 2023","11077.477771804983"
"100000473","Michael","Davis","Male","55","New York","Data Analyst","Wed Jul 05 21:31:47 IST 2023","13879.611584268994"
"100000474","William","Wilson","Female","20","New York","Data Analyst","Wed Jul 05 21:31:47 IST 2023","31668.961834545018"
"100000475","John","Johnson","Female","49","Chicago","UX Designer","Wed Jul 05 21:31:47 IST 2023","8381.574261345315"
"100000476","John","Smith","Male","60","Houston","Software Engineer","Wed Jul 05 21:31:47 IST 2023","25413.78676908376"
"100000477","John","Brown","Female","55","Los Angeles","Data Analyst","Wed Jul 05 21:31:47 IST 2023","19174.082489469052"
"100000478","Sophia","Wilson","Female","22","New York","Project Manager","Wed Jul 05 21:31:47 IST 2023","38072.18894600638"
"100000479","Olivia","Smith","Male","70","Chicago","Business Analyst","Wed Jul 05 21:31:47 IST 2023","11243.38751234386"
"100000480","Olivia","Davis","Male","48","Chicago","Project Manager","Wed Jul 05 21:31:47 IST 2023","36316.67768327608"
"100000481","William","Johnson","Male","40","New York","Data Analyst","Wed Jul 05 21:31:47 IST 2023","24140.02871479227"
"100000482","Sophia","Brown","Female","64","Miami","UX Designer","Wed Jul 05 21:31:47 IST 2023","74574.08108352077"
"100000483","Michael","Brown","Male","18","Chicago","UX Designer","Wed Jul 05 21:31:47 IST 2023","2257.7479768939247"
"100000484","John","Smith","Female","24","Seattle","Business Analyst","Wed Jul 05 21:31:47 IST 2023","62634.86450260739"
"100000485","Emma","Davis","Male","42","Chicago","Business Analyst","Wed Jul 05 21:31:47 IST 2023","98510.51209962489"
"100000486","Sophia","Miller","Female","37","New York","Project Manager","Wed Jul 05 21:31:47 IST 2023","43978.93724738433"
"100000487","Michael","Brown","Female","53","New York","Data Analyst","Wed Jul 05 21:31:47 IST 2023","96731.90850398177"
"100000488","William","Davis","Female","67","Miami","Data Analyst","Wed Jul 05 21:31:47 IST 2023","38517.17527099598"
"100000489","Sophia","Smith","Female","43","Houston","Data Analyst","Wed Jul 05 21:31:47 IST 2023","87871.10011276985"
"100000490","Emma","Wilson","Male","33","Los Angeles","Business Analyst","Wed Jul 05 21:31:47 IST 2023","13197.867349967535"
"100000491","Sophia","Smith","Male","66","Chicago","Software Engineer","Wed Jul 05 21:31:47 IST 2023","5809.56699905763"
"100000492","William","Miller","Female","33","Los Angeles","Project Manager","Wed Jul 05 21:31:47 IST 2023","73677.30587299689"
"100000493","William","Wilson","Male","64","Chicago","UX Designer","Wed Jul 05 21:31:47 IST 2023","9372.862754103258"
"100000494","Michael","Wilson","Female","34","New York","Business Analyst","Wed Jul 05 21:31:47 IST 2023","5003.761442773303"
"100000495","Olivia","Miller","Male","41","Houston","Business Analyst","Wed Jul 05 21:31:47 IST 2023","58861.58291684855"
"100000496","Michael","Johnson","Male","49","Miami","Software Engineer","Wed Jul 05 21:31:47 IST 2023","86014.0189019183"
"100000497","Sophia","Smith","Female","22","Chicago","Project Manager","Wed Jul 05 21:31:47 IST 2023","30175.80218447802"
"100000498","Michael","Miller","Female","21","Houston","Project Manager","Wed Jul 05 21:31:47 IST 2023","77891.73537498557"
"100000499","Sophia","Smith","Female","26","Seattle","Business Analyst","Wed Jul 05 21:31:47 IST 2023","51357.15488030633"
"100000500","John","Wilson","Female","54","Houston","Data Analyst","Wed Jul 05 21:31:47 IST 2023","44086.82080344701"
